Txn Hash,Block,Age,From,To,Value,Txn Fee,
0x9dd2c3101613edd7fde7c6a2909bd8f763f41bcddcbca6a339420c6d4c4bf41d,12194090,1 day 22 hrs ago,0xb1b7586656116d546033e3baff69bfcd6592225e,0x5f78d0668ba666b4ed9674b313419d9db6cd48a6,0 Ether,0.01597926,
0xa1accd5c5fec99fc60cc8b7f0e483aa85666c24f0f483fa66e1092fbdfe97b90,12206619,7 mins ago,0xb1b7586656116d546033e3baff69bfcd6592225e,0x5f78d0668ba666b4ed9674b313419d9db6cd48a6,0 Ether,0.01696428,
0xe0d2c29901421e1798ed853ec2034928d53f2a9c5a0a87370b6abc31be32e76d,12157399,7 days 14 hrs ago,0xb1b7586656116d546033e3baff69bfcd6592225e,0x5f78d0668ba666b4ed9674b313419d9db6cd48a6,0 Ether,0.01619815,
0xb8fb2dbe7e253603fa2b46a474e53a58959bfc133e74ed1ede9fd2fe7bee9a89,12157399,7 days 14 hrs ago,0xb1b7586656116d546033e3baff69bfcd6592225e,0x5f78d0668ba666b4ed9674b313419d9db6cd48a6,0 Ether,0.01619815,
0xaab6190f08c9d5e0dc06d34a3f23b410650133d923a9108dca7d89db151a612e,12150941,8 days 13 hrs ago,0xb1b7586656116d546033e3baff69bfcd6592225e,0x5f78d0668ba666b4ed9674b313419d9db6cd48a6,0 Ether,0.02123271,
0x1ffa9aecb38246f558a6134666d3a71864a9d54f1139a996fdc9055bbb496203,12150941,8 days 13 hrs ago,0xb1b7586656116d546033e3baff69bfcd6592225e,0x5f78d0668ba666b4ed9674b313419d9db6cd48a6,0 Ether,0.01729262,
0x131d2c27024e8155b037f6736ebe0c510796eb4a01d9bc2d076f8d89f5d98cfa,12058281,22 days 19 hrs ago,0xb1b7586656116d546033e3baff69bfcd6592225e,0x5f78d0668ba666b4ed9674b313419d9db6cd48a6,0 Ether,0.04813793,
0x5669d8af464de6ecf774a048af3efea6ea408a6910343158211414a51c5c854c,12096073,17 days 21 mins ago,0xb1b7586656116d546033e3baff69bfcd6592225e,0x5f78d0668ba666b4ed9674b313419d9db6cd48a6,0 Ether,0.01970046,
0x8f289695fe9cc687cf6a97a75b765c35f218b66a5222342fdff8eab084246bf0,12057574,22 days 22 hrs ago,0xb1b7586656116d546033e3baff69bfcd6592225e,0x5f78d0668ba666b4ed9674b313419d9db6cd48a6,0 Ether,0.04749005,
0xf8f85e90c2b630980fc2a8a4fdeca6a764562815bacad63514bed6a312782bdf,12058281,22 days 19 hrs ago,0xb1b7586656116d546033e3baff69bfcd6592225e,0x5f78d0668ba666b4ed9674b313419d9db6cd48a6,0 Ether,0.04813793,
0x54467c46f76da93b3dc9caf25b013742dc222133305d96eb1b2fb45ab8cafeb4,12044351,24 days 23 hrs ago,0xb1b7586656116d546033e3baff69bfcd6592225e,0x5f78d0668ba666b4ed9674b313419d9db6cd48a6,0 Ether,0.0585618,
0x6cbce3a5c7f61be975980c9844ca06d991dd79cd698b35a9b1c7e33f224d18a8,12057574,22 days 22 hrs ago,0xb1b7586656116d546033e3baff69bfcd6592225e,0x5f78d0668ba666b4ed9674b313419d9db6cd48a6,0 Ether,0.03295399,
0x19650cf3c78bfefb6661e72a24276b04e013473b60b963589a2b15c29a2a9483,12006193,30 days 20 hrs ago,0xb1b7586656116d546033e3baff69bfcd6592225e,0x5f78d0668ba666b4ed9674b313419d9db6cd48a6,0 Ether,0.00963133,
0x3f1fb0102612904a3e79315c6e7b6e7151eb73fa3777c1d17cbc485591e9390e,12044348,24 days 23 hrs ago,0xb1b7586656116d546033e3baff69bfcd6592225e,0x5f78d0668ba666b4ed9674b313419d9db6cd48a6,0 Ether,0.06533005,
0x73b3b5dd37717df7496cffbb2564697bde22422572825cbf7f8625e2711774a2,12006189,30 days 20 hrs ago,0xb1b7586656116d546033e3baff69bfcd6592225e,0x5f78d0668ba666b4ed9674b313419d9db6cd48a6,0 Ether,0.00963133,
0x9e65b8ca2f996371ae721dd290b6a75bb2faa6e1743f47bca29c00d23a2e8bef,12006192,30 days 20 hrs ago,0xb1b7586656116d546033e3baff69bfcd6592225e,0x5f78d0668ba666b4ed9674b313419d9db6cd48a6,0 Ether,0.00963133,
0x3b59f534d1ebb13095a5cb19744db8ab933a57e2b6fe175c9ae2ca09e8fc7528,11981623,34 days 15 hrs ago,0xb1b7586656116d546033e3baff69bfcd6592225e,0x5f78d0668ba666b4ed9674b313419d9db6cd48a6,0 Ether,0.00974078,
0xf2e06a6b7dfa1804ca119d13b69b95d90e74f5a384fdcb2c491153a4c8767178,12006186,30 days 20 hrs ago,0xb1b7586656116d546033e3baff69bfcd6592225e,0x5f78d0668ba666b4ed9674b313419d9db6cd48a6,0 Ether,0.00974078,
0x55c568fb6edb79c36ee9e05b7b384ada7a0516584d04d04638348d3a8876bde1,11979796,34 days 22 hrs ago,0xb1b7586656116d546033e3baff69bfcd6592225e,0x5f78d0668ba666b4ed9674b313419d9db6cd48a6,0 Ether,0.01553052,
0x8a44c9f6de3ca6628646f94fd0657998523cc17bca322b3b57121d5d8b43ccb6,11980636,34 days 19 hrs ago,0xb1b7586656116d546033e3baff69bfcd6592225e,0x5f78d0668ba666b4ed9674b313419d9db6cd48a6,0 Ether,0.01050691,
0x350ebf9fc6ff1c51c570124c5433b83b23a4a5642875d122a441b5d0d0abf4b7,11915033,44 days 21 hrs ago,0xb1b7586656116d546033e3baff69bfcd6592225e,0x5f78d0668ba666b4ed9674b313419d9db6cd48a6,0 Ether,0.03768746,
0x7479c696e9b239f86970c1c49845e6275bfa6d1a02fa73c4f8607ddbe13dc1a5,11979780,34 days 22 hrs ago,0xb1b7586656116d546033e3baff69bfcd6592225e,0x5f78d0668ba666b4ed9674b313419d9db6cd48a6,0 Ether,0.01553052,
0x1459e69af79769449a71f00d0749494d6c994811b1baa9baa63b676e3d4d69ba,11915028,44 days 21 hrs ago,0xb1b7586656116d546033e3baff69bfcd6592225e,0x5f78d0668ba666b4ed9674b313419d9db6cd48a6,0 Ether,0.04243027,
0x30c9f260ec057873f2780661699f32f628180508968ff09567d552728f01360d,11915033,44 days 21 hrs ago,0xb1b7586656116d546033e3baff69bfcd6592225e,0x5f78d0668ba666b4ed9674b313419d9db6cd48a6,0 Ether,0.04194145,
0x057ecdb805650f20781e963da14c92ddb3fc55528ece1b57fdb409c918e8f113,11915025,44 days 21 hrs ago,0xb1b7586656116d546033e3baff69bfcd6592225e,0x5f78d0668ba666b4ed9674b313419d9db6cd48a6,0 Ether,0.04194145,
0x0bffe82a58db0e9fb0eb3fd312abc0974abb1ea0f5ae63549d79e3ca81973108,11915026,44 days 21 hrs ago,0xb1b7586656116d546033e3baff69bfcd6592225e,0x5f78d0668ba666b4ed9674b313419d9db6cd48a6,0 Ether,0.04194145,
0x60ec94ff430bd03d73724ebb3b4069d8a69d1e48c334a6487c379b8d41e0801f,11914927,44 days 22 hrs ago,0xb1b7586656116d546033e3baff69bfcd6592225e,0x5f78d0668ba666b4ed9674b313419d9db6cd48a6,0 Ether,0.03338197,
0xa4d99141414947468358083b36db31e4f3747f9b1f72188dff7f0a3eb51b2a4a,11915024,44 days 21 hrs ago,0xb1b7586656116d546033e3baff69bfcd6592225e,0x5f78d0668ba666b4ed9674b313419d9db6cd48a6,0 Ether,0.04194145,
0x1817ca7dc04798e59ff6d93743cc559dc3afd735a479b5a71e7f4e13b2172286,11904602,46 days 12 hrs ago,0xb1b7586656116d546033e3baff69bfcd6592225e,0x5f78d0668ba666b4ed9674b313419d9db6cd48a6,0 Ether,0.0307403,
0x027e7c2ee17d5622399bb4e913216cbe0ea34107c0d320442c0819c8ae08253e,11914921,44 days 22 hrs ago,0xb1b7586656116d546033e3baff69bfcd6592225e,0x5f78d0668ba666b4ed9674b313419d9db6cd48a6,0 Ether,0.03497612,
0x636d206cf85d6ae4bef71752c76fbe5807bc17569fb0643b98173e75f2ca99c3,11904599,46 days 12 hrs ago,0xb1b7586656116d546033e3baff69bfcd6592225e,0x5f78d0668ba666b4ed9674b313419d9db6cd48a6,0 Ether,0.03038615,
0x624988e4808ac650396e752790f9d6668895abf3f01c64133c9beef49ec8ef93,11904601,46 days 12 hrs ago,0xb1b7586656116d546033e3baff69bfcd6592225e,0x5f78d0668ba666b4ed9674b313419d9db6cd48a6,0 Ether,0.04438692,
0xd3d2e12a988111e17090d4d8fed3ab7fd9e3d8f46e7e5f2f59585d5c84f5f59c,11904593,46 days 12 hrs ago,0xb1b7586656116d546033e3baff69bfcd6592225e,0x5f78d0668ba666b4ed9674b313419d9db6cd48a6,0 Ether,0.02730418,
0x175abaf790b3765b9f565145bc3a9951a6b4e94444bdb93614037e348338bfe9,11904598,46 days 12 hrs ago,0xb1b7586656116d546033e3baff69bfcd6592225e,0x5f78d0668ba666b4ed9674b313419d9db6cd48a6,0 Ether,0.04218692,
0x54a0ff93149a64e0e831027dcff175da1b4122ee6ffb6204ab621b0fed36094e,11836785,56 days 22 hrs ago,0xb1b7586656116d546033e3baff69bfcd6592225e,0x5f78d0668ba666b4ed9674b313419d9db6cd48a6,0 Ether,0.03009792,
0x6c9101cbccf8899a19c966c70aca8d26b5a10dbf2c691b8a845ae167b25c53fc,11904593,46 days 12 hrs ago,0xb1b7586656116d546033e3baff69bfcd6592225e,0x5f78d0668ba666b4ed9674b313419d9db6cd48a6,0 Ether,0.0307403,
0xb5a839d6e9fbed07b064799d196ce712e0caf4236a680675677aa84b579f539e,11836785,56 days 22 hrs ago,0xb1b7586656116d546033e3baff69bfcd6592225e,0x5f78d0668ba666b4ed9674b313419d9db6cd48a6,0 Ether,0.02867511,
0xe98f0a7ee48d8daab134c88dcd77b336ce8f45a6f4a7c517df883404d3d5007d,11836785,56 days 22 hrs ago,0xb1b7586656116d546033e3baff69bfcd6592225e,0x5f78d0668ba666b4ed9674b313419d9db6cd48a6,0 Ether,0.02867511,
0xfd4c2226273371de719b160ec087b770a180ba46bfac4a368b6fffa39cef2620,11836785,56 days 22 hrs ago,0xb1b7586656116d546033e3baff69bfcd6592225e,0x5f78d0668ba666b4ed9674b313419d9db6cd48a6,0 Ether,0.02599366,
0xf9a1107c125cb8fe4e6010a3621696d286485c343edfd8c41c5f1c9783c7ce5b,11836785,56 days 22 hrs ago,0xb1b7586656116d546033e3baff69bfcd6592225e,0x5f78d0668ba666b4ed9674b313419d9db6cd48a6,0 Ether,0.02867511,
0x81afe322e44e1d24547d609a094cfe3461d8fd991796792af5ff710507a27549,11836785,56 days 22 hrs ago,0xb1b7586656116d546033e3baff69bfcd6592225e,0x5f78d0668ba666b4ed9674b313419d9db6cd48a6,0 Ether,0.02407834,
0xf9ac63935d405209a44e40c1d5591dca08b9918fc280f018545f5f5a280d053f,11836785,56 days 22 hrs ago,0xb1b7586656116d546033e3baff69bfcd6592225e,0x5f78d0668ba666b4ed9674b313419d9db6cd48a6,0 Ether,0.02407834,
0xf0edc4fd9c8ec37edbde5a45eebff0bb22bd4528e71befaaf0ca48b08eb2c007,11836784,56 days 22 hrs ago,0xb1b7586656116d546033e3baff69bfcd6592225e,0x5f78d0668ba666b4ed9674b313419d9db6cd48a6,0 Ether,0.02407834,
0xe94863f3a5b3400ce84b11d39b13f6b7f2a2454a8bae861beec2c212e23c784d,11836785,56 days 22 hrs ago,0xb1b7586656116d546033e3baff69bfcd6592225e,0x5f78d0668ba666b4ed9674b313419d9db6cd48a6,0 Ether,0.02407834,
0xad52a71509835e9b13664836b1ec6180256c74cea274789413c7dff6cef73c72,11793883,63 days 12 hrs ago,0xb1b7586656116d546033e3baff69bfcd6592225e,0x5f78d0668ba666b4ed9674b313419d9db6cd48a6,0 Ether,0.02553398,
0x43e139f38575bfacb8b6f34b55dde54f35b6f7f0f427806bfe948948f975dbad,11836784,56 days 22 hrs ago,0xb1b7586656116d546033e3baff69bfcd6592225e,0x5f78d0668ba666b4ed9674b313419d9db6cd48a6,0 Ether,0.02407834,
0x1406fd18a637dba6bde4f0db878b99e279418ed086838982178e09a8e7a6c9b9,11784542,64 days 23 hrs ago,0xb1b7586656116d546033e3baff69bfcd6592225e,0x5f78d0668ba666b4ed9674b313419d9db6cd48a6,0 Ether,0.02046658,
0x419856f7185d9ee066818e420cc0163ccded022056ab1408435081432ef51050,11784542,64 days 23 hrs ago,0xb1b7586656116d546033e3baff69bfcd6592225e,0x5f78d0668ba666b4ed9674b313419d9db6cd48a6,0 Ether,0.02046658,
0x6deb175b380afc3b96b9173e36a5568d7844ccf3727c5d2b8624afa79773656e,11775476,66 days 8 hrs ago,0xb1b7586656116d546033e3baff69bfcd6592225e,0x5f78d0668ba666b4ed9674b313419d9db6cd48a6,0 Ether,0.01893433,
0xc3fdecac1f223bdf07fd31b980614dcffb925253bb340e212d9d341521acfe5f,11775476,66 days 8 hrs ago,0xb1b7586656116d546033e3baff69bfcd6592225e,0x5f78d0668ba666b4ed9674b313419d9db6cd48a6,0 Ether,0.01893433,
0x77d6cce5366357492e531773642b042f510a012587ba5c7336da99e2c8f602b2,11743275,71 days 7 hrs ago,0xb1b7586656116d546033e3baff69bfcd6592225e,0x5f78d0668ba666b4ed9674b313419d9db6cd48a6,0 Ether,0.00973885,
0x47467fc287b76afc9f78cb6a418c5103b6562087a6f2ebd3b37f5918b416c937,11743334,71 days 7 hrs ago,0xb1b7586656116d546033e3baff69bfcd6592225e,0x5f78d0668ba666b4ed9674b313419d9db6cd48a6,0 Ether,0.01069935,
0xad70cab227c97bd88ca18b895bb85882b875c5d86589fa3c70d40604d46e325a,11743275,71 days 7 hrs ago,0xb1b7586656116d546033e3baff69bfcd6592225e,0x5f78d0668ba666b4ed9674b313419d9db6cd48a6,0 Ether,0.00961415,
0x53e57737eb5a91eddf655c1d86a3f20a60090fb2a039431ce80c4fa626284488,11743275,71 days 7 hrs ago,0xb1b7586656116d546033e3baff69bfcd6592225e,0x5f78d0668ba666b4ed9674b313419d9db6cd48a6,0 Ether,0.00973885,
0xe10b82403681e49cc46ba14eb407262c3dde29eb1d38022b492d1e82c489d63f,11743275,71 days 7 hrs ago,0xb1b7586656116d546033e3baff69bfcd6592225e,0x5f78d0668ba666b4ed9674b313419d9db6cd48a6,0 Ether,0.00973885,
0xccb2dae32780b662e322bc2744540e6c0d1f051aeaa116e2e505bf31121d52f4,11743275,71 days 7 hrs ago,0xb1b7586656116d546033e3baff69bfcd6592225e,0x5f78d0668ba666b4ed9674b313419d9db6cd48a6,0 Ether,0.00961415,
0x65712fc26bedc057310be07969429ed871292a16414d308d1548a545b42b69b2,11743270,71 days 7 hrs ago,0xb1b7586656116d546033e3baff69bfcd6592225e,0x5f78d0668ba666b4ed9674b313419d9db6cd48a6,0 Ether,0.00961415,
0x6111182e0fd40394bf220ea317cb512c28a0e233ebb2f0e9485b86cc68efd868,11743275,71 days 7 hrs ago,0xb1b7586656116d546033e3baff69bfcd6592225e,0x5f78d0668ba666b4ed9674b313419d9db6cd48a6,0 Ether,0.01069935,
0x435dfc40e7434c680c1c73390e21a295d4a18018eb0b279e6042b5625fffc7df,11743270,71 days 7 hrs ago,0xb1b7586656116d546033e3baff69bfcd6592225e,0x5f78d0668ba666b4ed9674b313419d9db6cd48a6,0 Ether,0.00961415,
0x2ce3356a7b2099481b674bb4aee3c1423990fab735b183e1a27d53a875f28ea3,11743270,71 days 7 hrs ago,0xb1b7586656116d546033e3baff69bfcd6592225e,0x5f78d0668ba666b4ed9674b313419d9db6cd48a6,0 Ether,0.00961415,
0xd683b8ef56384cbc8863f8ba84238866f55db8dc0cb12cd5b2c5fe09c80d992c,11743264,71 days 7 hrs ago,0xb1b7586656116d546033e3baff69bfcd6592225e,0x5f78d0668ba666b4ed9674b313419d9db6cd48a6,0 Ether,0.00961415,
0x6363159cc58aa02140533ef0f96bc8bc58062ca25866f5d5eff3db53c4db974c,11743270,71 days 7 hrs ago,0xb1b7586656116d546033e3baff69bfcd6592225e,0x5f78d0668ba666b4ed9674b313419d9db6cd48a6,0 Ether,0.01069935,
0xb07631d2c19b0778adbd68fcd8803057ad745846f158c7dc2c1ea85e795e406e,11743264,71 days 7 hrs ago,0xb1b7586656116d546033e3baff69bfcd6592225e,0x5f78d0668ba666b4ed9674b313419d9db6cd48a6,0 Ether,0.01069935,
0x775b1fd5f7b10b6968695860b05ddb150fbfa914e45904349e6364d4cf153ddb,11743264,71 days 7 hrs ago,0xb1b7586656116d546033e3baff69bfcd6592225e,0x5f78d0668ba666b4ed9674b313419d9db6cd48a6,0 Ether,0.0148792,
0x384bc552cfd48fb4c8acfab8e66d47274b42928b7982f2ac66bebc023d59f15c,11688038,79 days 19 hrs ago,0xb1b7586656116d546033e3baff69bfcd6592225e,0x5f78d0668ba666b4ed9674b313419d9db6cd48a6,0 Ether,0.00645737,
0xb626fb447d68b4d289669d18c99b22a8e597fb6471a41bc6ba36716a145fc65c,11688044,79 days 19 hrs ago,0xb1b7586656116d546033e3baff69bfcd6592225e,0x5f78d0668ba666b4ed9674b313419d9db6cd48a6,0 Ether,0.00645737,
0x216be0868c94a5443029eb50b51b5f8bf3a48da43edabe66305c9af474781893,11688035,79 days 19 hrs ago,0xb1b7586656116d546033e3baff69bfcd6592225e,0x5f78d0668ba666b4ed9674b313419d9db6cd48a6,0 Ether,0.00701218,
0x63562b5a8f8bab1481d1139b2d7cfbedf79162681dc9d378546c2fd44c15f908,11688035,79 days 19 hrs ago,0xb1b7586656116d546033e3baff69bfcd6592225e,0x5f78d0668ba666b4ed9674b313419d9db6cd48a6,0 Ether,0.00645737,
0xe04610f978bc23aa2f1a6d3e1a699316b1ec819824a99c8e7b19694519800075,11688035,79 days 19 hrs ago,0xb1b7586656116d546033e3baff69bfcd6592225e,0x5f78d0668ba666b4ed9674b313419d9db6cd48a6,0 Ether,0.00586198,
0x9c19ef3340f75af395c7b5a190e5de2f43ab3c548475dd9a0b09bbb50aa71b29,11688035,79 days 19 hrs ago,0xb1b7586656116d546033e3baff69bfcd6592225e,0x5f78d0668ba666b4ed9674b313419d9db6cd48a6,0 Ether,0.00586198,
0x92df1395a94ccf70472ed5684a11504cc3bf30c6e462df9fc83bed06a99e60f8,11688035,79 days 19 hrs ago,0xb1b7586656116d546033e3baff69bfcd6592225e,0x5f78d0668ba666b4ed9674b313419d9db6cd48a6,0 Ether,0.00569124,
0x7620707971ee67808ce7ce02bbca55b25b54bac2a5d8245dcb94a5c3bfb7df76,11688035,79 days 19 hrs ago,0xb1b7586656116d546033e3baff69bfcd6592225e,0x5f78d0668ba666b4ed9674b313419d9db6cd48a6,0 Ether,0.00569124,
0x66ccbf27db0b67e8377ea1cc851e60e0ac48e926f3634fd95b6a782e6e28a700,11688025,79 days 19 hrs ago,0xb1b7586656116d546033e3baff69bfcd6592225e,0x5f78d0668ba666b4ed9674b313419d9db6cd48a6,0 Ether,0.00995967,
0xb152d31189ed03716f676f147b2a303303b89bfb09f6a02cff725e3ea7f0e6db,11688027,79 days 19 hrs ago,0xb1b7586656116d546033e3baff69bfcd6592225e,0x5f78d0668ba666b4ed9674b313419d9db6cd48a6,0 Ether,0.00963133,
0x4b516e286f6425e3891904afd9aca32b0d610a78075ca2180efd4994011591a8,11687996,79 days 19 hrs ago,0xb1b7586656116d546033e3baff69bfcd6592225e,0x5f78d0668ba666b4ed9674b313419d9db6cd48a6,0 Ether,0.00569124,
0x3be014f3cb7ecf988cf7be9e238714669d164554b2ba9f49337e103fb77e478c,11688024,79 days 19 hrs ago,0xb1b7586656116d546033e3baff69bfcd6592225e,0x5f78d0668ba666b4ed9674b313419d9db6cd48a6,0 Ether,0.00995967,
0xbb8a9eb0b053368a58eac303534e36d7e584b46ec1cc1853015676b03b1a0f50,11687808,79 days 20 hrs ago,0xb1b7586656116d546033e3baff69bfcd6592225e,0x5f78d0668ba666b4ed9674b313419d9db6cd48a6,0 Ether,0.01236751,
0x0451773c9153251d1798d0c0524a2cd0498c7c1dad66233e70c2c201bb98ff9f,11687981,79 days 19 hrs ago,0xb1b7586656116d546033e3baff69bfcd6592225e,0x5f78d0668ba666b4ed9674b313419d9db6cd48a6,0 Ether,0.00601958,
0xd18f69cff2f45ba9e777bca82f22d220ac3a7e4777742e0167b209383a247764,11687746,79 days 20 hrs ago,0xb1b7586656116d546033e3baff69bfcd6592225e,0x5f78d0668ba666b4ed9674b313419d9db6cd48a6,0 Ether,0.03786605,
0x58ec226817ca1ca483f069a54ee2558122516accc4a7c72ce7bedfb70c558966,11687746,79 days 20 hrs ago,0xb1b7586656116d546033e3baff69bfcd6592225e,0x5f78d0668ba666b4ed9674b313419d9db6cd48a6,0 Ether,0.02239935,
0x475e50b47f7e6e245b027234ec0a7a2505ff8ec8fb1873145af6c2f2554d12d5,11687746,79 days 20 hrs ago,0xb1b7586656116d546033e3baff69bfcd6592225e,0x5f78d0668ba666b4ed9674b313419d9db6cd48a6,0 Ether,0.04457607,
0x3578d0b47cd2d7b9488020ebd3ccdf62b9edd9b19f1902f992ad4d97b11432da,11687746,79 days 20 hrs ago,0xb1b7586656116d546033e3baff69bfcd6592225e,0x5f78d0668ba666b4ed9674b313419d9db6cd48a6,0 Ether,0.02405103,
0x03158ec44329b5fff21ebadb14bcbc3fff16a3f20ee0cecf383c2299972b3f3e,11636605,87 days 16 hrs ago,0xb1b7586656116d546033e3baff69bfcd6592225e,0x5f78d0668ba666b4ed9674b313419d9db6cd48a6,0 Ether,0.01050691,
0x9769511e04bce852c158998d9f7df2e6c09c3a3fcb85163126005847d26870b8,11636605,87 days 16 hrs ago,0xb1b7586656116d546033e3baff69bfcd6592225e,0x5f78d0668ba666b4ed9674b313419d9db6cd48a6,0 Ether,0.01050691,
0x67abb23355cfb50c4ec0af1912e25b0fb984e1cf7973dc4b080d96a677c156ae,11616724,90 days 18 hrs ago,0xb1b7586656116d546033e3baff69bfcd6592225e,0x5f78d0668ba666b4ed9674b313419d9db6cd48a6,0 Ether,0.0088652,
0xd6f23219dfc3e16ba70586946890991d64de22bd6aa7fc9f5abae944e1a6a3ec,11616730,90 days 17 hrs ago,0xb1b7586656116d546033e3baff69bfcd6592225e,0x5f78d0668ba666b4ed9674b313419d9db6cd48a6,0 Ether,0.0088652,
0xaed44c53c20e01868068fa95aad5b8471ee9071fd407a195d61f2233dc3649b8,11546275,101 days 13 hrs ago,0xb1b7586656116d546033e3baff69bfcd6592225e,0x5f78d0668ba666b4ed9674b313419d9db6cd48a6,0 Ether,0.0076502,
0x7322c53b365c62ae1cd7abcbaae5e1f52a61d2849caf2313129f1bc941c209df,11549791,101 days 37 mins ago,0xb1b7586656116d546033e3baff69bfcd6592225e,0x5f78d0668ba666b4ed9674b313419d9db6cd48a6,0 Ether,0.02720061,
0x318e88e4df8f11cc23b93ecffce56d697cedecd5d3885a0cf434821dffed3709,11536714,103 days 29 mins ago,0xb1b7586656116d546033e3baff69bfcd6592225e,0x5f78d0668ba666b4ed9674b313419d9db6cd48a6,0 Ether,0.00870651,
0xdfa67a7dd55554bb1c4879f772fb1a86a32bbab5d4a2f58c1a16afdc404250c2,11536714,103 days 29 mins ago,0xb1b7586656116d546033e3baff69bfcd6592225e,0x5f78d0668ba666b4ed9674b313419d9db6cd48a6,0 Ether,0.00982248,
0xac6b8c051d7baf31ca92df3e6e52391976a36aeba3c35ce1a2f83cbe36a2ff9e,11536714,103 days 29 mins ago,0xb1b7586656116d546033e3baff69bfcd6592225e,0x5f78d0668ba666b4ed9674b313419d9db6cd48a6,0 Ether,0.00953914,
0x55502a413002da61b7826d522ebf7b98c9224d2f6fc21f7297806484dd4ab93e,11536714,103 days 29 mins ago,0xb1b7586656116d546033e3baff69bfcd6592225e,0x5f78d0668ba666b4ed9674b313419d9db6cd48a6,0 Ether,0.00963359,
0x5cc5b34dfe74bd1e225b00d1e435d999228e9928ba116ef5e250df50c6747ff0,11536691,103 days 33 mins ago,0xb1b7586656116d546033e3baff69bfcd6592225e,0x5f78d0668ba666b4ed9674b313419d9db6cd48a6,0 Ether,0.00962053,
0x19d26f2dd10d0d32f47b585840820810640314d53dce70ffc915e11e90a0d85d,11536714,103 days 29 mins ago,0xb1b7586656116d546033e3baff69bfcd6592225e,0x5f78d0668ba666b4ed9674b313419d9db6cd48a6,0 Ether,0.00952621,
0xcdf993ef57989cb6b898d0435864379a8b0d982e29dc76964b2134eda04bfc84,11536691,103 days 33 mins ago,0xb1b7586656116d546033e3baff69bfcd6592225e,0x5f78d0668ba666b4ed9674b313419d9db6cd48a6,0 Ether,0.00963359,
0xd8bb0ba8f6530956fbfc42c26bdad6ddb2bbf17c1642d96a37a80fd08ad0cd97,11536691,103 days 33 mins ago,0xb1b7586656116d546033e3baff69bfcd6592225e,0x5f78d0668ba666b4ed9674b313419d9db6cd48a6,0 Ether,0.00963237,
0xeef0680939962e3f371318346f64bac930c92202465d5d9e6b40bfad00d9e844,11536671,103 days 37 mins ago,0xb1b7586656116d546033e3baff69bfcd6592225e,0x5f78d0668ba666b4ed9674b313419d9db6cd48a6,0 Ether,0.01075553,
0xe4fc033dc5b90e90b1c0d9ad4dc312aafc830572d9765ce9753e4d8b1d1455f1,11536680,103 days 35 mins ago,0xb1b7586656116d546033e3baff69bfcd6592225e,0x5f78d0668ba666b4ed9674b313419d9db6cd48a6,0 Ether,0.01028527,
0x872ae96532617c83794895c5d29ed0e4293543961214412097d9757959b74cd1,11530050,104 days 1 hr ago,0xb1b7586656116d546033e3baff69bfcd6592225e,0x5f78d0668ba666b4ed9674b313419d9db6cd48a6,0 Ether,0.02376839,
0x78ed205c89e32e43b5f0acd12196a6e850c888fdff2f51396652ea311535d856,11530064,104 days 1 hr ago,0xb1b7586656116d546033e3baff69bfcd6592225e,0x5f78d0668ba666b4ed9674b313419d9db6cd48a6,0 Ether,0.02437784,
0x8c3492d401d04e2025865fe0199159d363bf84291e00b0ab5daea9dd4f52f881,11510718,107 days 27 mins ago,0xb1b7586656116d546033e3baff69bfcd6592225e,0x5f78d0668ba666b4ed9674b313419d9db6cd48a6,0 Ether,0.00793829,
0x219e3b8baa866772983d8010260f978a860d8cd3894ff02256df92d921e21341,11510781,107 days 12 mins ago,0xb1b7586656116d546033e3baff69bfcd6592225e,0x5f78d0668ba666b4ed9674b313419d9db6cd48a6,0 Ether,0.00906691,
0x14bcf1342bc3a21cc9dbb4e9cbd9e1e3df6fd1a1a2ef4243f86edaf5edf07d5b,11498842,108 days 20 hrs ago,0xb1b7586656116d546033e3baff69bfcd6592225e,0x5f78d0668ba666b4ed9674b313419d9db6cd48a6,0 Ether,0.00521861,
0xe23be5f6e34e28f93846fc854b42578aa43a90a65e259344bbd40927565bd9a6,11498887,108 days 19 hrs ago,0xb1b7586656116d546033e3baff69bfcd6592225e,0x5f78d0668ba666b4ed9674b313419d9db6cd48a6,0 Ether,0.00339285,
0xfe182879e18adb16e9eb8f14a4a95a4a250f7c0bdbb9f3fc20eadc0fd13c9104,11493538,109 days 15 hrs ago,0xb1b7586656116d546033e3baff69bfcd6592225e,0x5f78d0668ba666b4ed9674b313419d9db6cd48a6,0 Ether,0.00708352,
0x4a87d67cacb3e83b6a869c902632f6bc31ec1abe08c2868fa1ae8a45a439edac,11493538,109 days 15 hrs ago,0xb1b7586656116d546033e3baff69bfcd6592225e,0x5f78d0668ba666b4ed9674b313419d9db6cd48a6,0 Ether,0.00717797,
0x681c9eb9912d71a6c3c873363183e99511dd8f96da0f9ff233aef9ae448a6d03,11493504,109 days 15 hrs ago,0xb1b7586656116d546033e3baff69bfcd6592225e,0x5f78d0668ba666b4ed9674b313419d9db6cd48a6,0 Ether,0.00576126,
0xa49c04963efb063dcacffc1e5ba1e8fa01e6eff9d019bb6f44adde1d68f918be,11493518,109 days 15 hrs ago,0xb1b7586656116d546033e3baff69bfcd6592225e,0x5f78d0668ba666b4ed9674b313419d9db6cd48a6,0 Ether,0.00692296,
0xb26039ca1947b16b6fec6e21f0a960990de459f8875c598ad0327a2ce47a7c6e,11478507,111 days 22 hrs ago,0xb1b7586656116d546033e3baff69bfcd6592225e,0x5f78d0668ba666b4ed9674b313419d9db6cd48a6,0 Ether,0.00766129,
0x502573614c912b46f2069eadd98d87a876613614f43aa9999f97f6f2370d6539,11481032,111 days 13 hrs ago,0xb1b7586656116d546033e3baff69bfcd6592225e,0x5f78d0668ba666b4ed9674b313419d9db6cd48a6,0 Ether,0.00688098,
0x5841b996e2dbff175cf8e76af8af569e024bb74c12b49e2b4cdb04c097393063,11473010,112 days 19 hrs ago,0xb1b7586656116d546033e3baff69bfcd6592225e,0x5f78d0668ba666b4ed9674b313419d9db6cd48a6,0 Ether,0.0138472,
0x79a1573e8e8ff36e163064de8210c5ee9483fd0d891644ac2f02c1685c119fab,11473212,112 days 18 hrs ago,0xb1b7586656116d546033e3baff69bfcd6592225e,0x5f78d0668ba666b4ed9674b313419d9db6cd48a6,0 Ether,0.01048361,
0x250da69768fc6696cfba8c9089b5f41b9f358dbece33a0e61c191e1819bdcffb,11471966,112 days 22 hrs ago,0xb1b7586656116d546033e3baff69bfcd6592225e,0x5f78d0668ba666b4ed9674b313419d9db6cd48a6,0 Ether,0.01786937,
0x807fe8db3575f6b09aa54cff70dc40c7fbf724c6da8d1dc6ee14fe4a4b96d433,11473007,112 days 19 hrs ago,0xb1b7586656116d546033e3baff69bfcd6592225e,0x5f78d0668ba666b4ed9674b313419d9db6cd48a6,0 Ether,0.01606818,
0x672ce75b544475ad99ca41942c599682906c8c8be6ab4b7f440d27cc33816f94,11466000,113 days 21 hrs ago,0xb1b7586656116d546033e3baff69bfcd6592225e,0x5f78d0668ba666b4ed9674b313419d9db6cd48a6,0 Ether,0.00821688,
0x1e0358d418071777339a478baddbfe5ec488c6d082838b652ab9d9bebf3244d2,11468070,113 days 13 hrs ago,0xb1b7586656116d546033e3baff69bfcd6592225e,0x5f78d0668ba666b4ed9674b313419d9db6cd48a6,0 Ether,0.0111636,
0x7ca30dcb3c17529be54e86d7f185a68c182fb854c424efc52939f97ce9c70176,11448689,116 days 12 hrs ago,0xb1b7586656116d546033e3baff69bfcd6592225e,0x5f78d0668ba666b4ed9674b313419d9db6cd48a6,0 Ether,0.00528903,
0xecb439ab9fdaeba641dd8430a2eced8b3670c3dc6622cb0f3aaacdf38ed793b8,11461580,114 days 13 hrs ago,0xb1b7586656116d546033e3baff69bfcd6592225e,0x5f78d0668ba666b4ed9674b313419d9db6cd48a6,0 Ether,0.01761635,
0x118e86f4644eb32439326e2354b7e19e6614f682004da5f5191dd88871c935f7,11407403,122 days 21 hrs ago,0xb1b7586656116d546033e3baff69bfcd6592225e,0x5f78d0668ba666b4ed9674b313419d9db6cd48a6,0 Ether,0.00387232,
0xb3e0576d1e8f2a820038d3e4212652d47131a2fe074c35b91745e7ddf5e3d4b0,11420537,120 days 20 hrs ago,0xb1b7586656116d546033e3baff69bfcd6592225e,0x5f78d0668ba666b4ed9674b313419d9db6cd48a6,0 Ether,0.01060504,
0x511041e22556f5f7aa2387f0e2deee9c426bf2d2eecce619fb4df99eb107a5f0,11381192,126 days 22 hrs ago,0xb1b7586656116d546033e3baff69bfcd6592225e,0x5f78d0668ba666b4ed9674b313419d9db6cd48a6,0 Ether,0.00330564,
0xc00fdf7a188a39367021b110b1dd1043b1e26a81410ada2694eeb69068f6ea80,11407403,122 days 21 hrs ago,0xb1b7586656116d546033e3baff69bfcd6592225e,0x5f78d0668ba666b4ed9674b313419d9db6cd48a6,0 Ether,0.00448207,
0xd458800636631824d92a27b30c7f5ad69cf8444fae30255ed67522f98e54b300,11363570,129 days 15 hrs ago,0xb1b7586656116d546033e3baff69bfcd6592225e,0x5f78d0668ba666b4ed9674b313419d9db6cd48a6,0 Ether,0.00664887,
0xd55e917606aeb10878996dde4e1f11189d2c5a60863836be35b4c0d1ec6f4532,11363967,129 days 13 hrs ago,0xb1b7586656116d546033e3baff69bfcd6592225e,0x5f78d0668ba666b4ed9674b313419d9db6cd48a6,0 Ether,0.00963133,
0x4e807ef81659723dda9157bd33996e82ee7921acb1cfa115e403fafca02e78ba,11328561,134 days 23 hrs ago,0xb1b7586656116d546033e3baff69bfcd6592225e,0x5f78d0668ba666b4ed9674b313419d9db6cd48a6,0 Ether,0.0181895,
0xda85f7be89f4923890bf9da16b567c55d7b4eeb0995531285ce566d42a91bd21,11363559,129 days 15 hrs ago,0xb1b7586656116d546033e3baff69bfcd6592225e,0x5f78d0668ba666b4ed9674b313419d9db6cd48a6,0 Ether,0.00853686,
0x49e64b3bbda3ff2b02341a4af48b1126344d632142eaec970fe05da6b1a54402,11328557,134 days 23 hrs ago,0xb1b7586656116d546033e3baff69bfcd6592225e,0x5f78d0668ba666b4ed9674b313419d9db6cd48a6,0 Ether,0.02019039,
0xfc59c115bfabf82710dc4353e168f9aa124947a32bdd5eb60f04482af72e9e19,11328561,134 days 23 hrs ago,0xb1b7586656116d546033e3baff69bfcd6592225e,0x5f78d0668ba666b4ed9674b313419d9db6cd48a6,0 Ether,0.02011171,
0x2ea7e3152de10b5bce29d1513bafebcbfbae780cc913d4c22d5822a0c06f639f,11321696,136 days 1 hr ago,0xb1b7586656116d546033e3baff69bfcd6592225e,0x5f78d0668ba666b4ed9674b313419d9db6cd48a6,0 Ether,0.00864631,
0x0958fa9c62146458770f1c74df0b072140aad39513cb026e86d382e3c41e5e27,11328555,134 days 23 hrs ago,0xb1b7586656116d546033e3baff69bfcd6592225e,0x5f78d0668ba666b4ed9674b313419d9db6cd48a6,0 Ether,0.0062335,
0xd359a595b600de9112fbffdb87cd2cd7dae0f573f01c58ce593c11c6ec142a09,11321630,136 days 1 hr ago,0xb1b7586656116d546033e3baff69bfcd6592225e,0x5f78d0668ba666b4ed9674b313419d9db6cd48a6,0 Ether,0.01142808,
0x0af96265e63533dfb46cb5b40c03c1957be4161553303a5ad5f32d46b30ebbba,11321684,136 days 1 hr ago,0xb1b7586656116d546033e3baff69bfcd6592225e,0x5f78d0668ba666b4ed9674b313419d9db6cd48a6,0 Ether,0.00743646,
0x5e09859c3a79acf6d90036f02f62d07d21a1cbdff859534b4af192b9c508060f,11315417,137 days 20 mins ago,0xb1b7586656116d546033e3baff69bfcd6592225e,0x5f78d0668ba666b4ed9674b313419d9db6cd48a6,0 Ether,0.02230496,
0x9c7914687f89b185b2a2896114194c72deafbdf26dc5a16339aa39af49214a24,11318018,136 days 14 hrs ago,0xb1b7586656116d546033e3baff69bfcd6592225e,0x5f78d0668ba666b4ed9674b313419d9db6cd48a6,0 Ether,0.00975172,
0x2166be25c261afa3f72d9924e76e859740e586cea034a8878959fca20ba07785,11309650,137 days 21 hrs ago,0xb1b7586656116d546033e3baff69bfcd6592225e,0x5f78d0668ba666b4ed9674b313419d9db6cd48a6,0 Ether,0.01005738,
0xc5aac95d4d07aa2589569f4727c8288867d312ef6b799c71d0b0e0f5d3b26731,11315417,137 days 20 mins ago,0xb1b7586656116d546033e3baff69bfcd6592225e,0x5f78d0668ba666b4ed9674b313419d9db6cd48a6,0 Ether,0.02344024,
0x3d8ac1abd4740059afc7cf87a4e50dc30020d7a9bd9de21b078a3869849a3051,11309647,137 days 21 hrs ago,0xb1b7586656116d546033e3baff69bfcd6592225e,0x5f78d0668ba666b4ed9674b313419d9db6cd48a6,0 Ether,0.01112732,
0x599da1bfdaab3e3c184e7b78027762df6ca9b5aae570461c14fbe8a319725f01,11309648,137 days 21 hrs ago,0xb1b7586656116d546033e3baff69bfcd6592225e,0x5f78d0668ba666b4ed9674b313419d9db6cd48a6,0 Ether,0.01112732,
0xe2fb3bd6e5df3fe6238b6876f03e3162888149d543adb594701d3dd0b7b0ab08,11309641,137 days 21 hrs ago,0xb1b7586656116d546033e3baff69bfcd6592225e,0x5f78d0668ba666b4ed9674b313419d9db6cd48a6,0 Ether,0.01155529,
0xa46d0f75b62f0608b8ff482c9132e781396b95d72fc2a33a9f26bf8db1ffd6fa,11309644,137 days 21 hrs ago,0xb1b7586656116d546033e3baff69bfcd6592225e,0x5f78d0668ba666b4ed9674b313419d9db6cd48a6,0 Ether,0.01112732,
0x341c33a70ac5e9723e5b4bd8eee029b4939d5c0bc3fea19794f0ad749dd4b922,11309636,137 days 21 hrs ago,0xb1b7586656116d546033e3baff69bfcd6592225e,0x5f78d0668ba666b4ed9674b313419d9db6cd48a6,0 Ether,0.01168997,
0x7b287b4152291cdc809fbf82ec38801927299f1dd512b5545b628ba5e56f572b,11309637,137 days 21 hrs ago,0xb1b7586656116d546033e3baff69bfcd6592225e,0x5f78d0668ba666b4ed9674b313419d9db6cd48a6,0 Ether,0.01155529,
0x3ebf812cb96a99113ba5d6a356448c0fa35b9a1e5ffa06e37f3cea9590634702,11282389,142 days 2 hrs ago,0xb1b7586656116d546033e3baff69bfcd6592225e,0x5f78d0668ba666b4ed9674b313419d9db6cd48a6,0 Ether,0.00607978,
0x1ac69b9cbe4bd6418ff6cf0479cdc59b65f182e0e6fa1764171809a5dfa39a21,11309613,137 days 22 hrs ago,0xb1b7586656116d546033e3baff69bfcd6592225e,0x5f78d0668ba666b4ed9674b313419d9db6cd48a6,0 Ether,0.01069935,
0x6c37eb687d0bc17b360148bdcfccb8ca40db629012680b5703a970abc0904005,11277924,142 days 18 hrs ago,0xb1b7586656116d546033e3baff69bfcd6592225e,0x5f78d0668ba666b4ed9674b313419d9db6cd48a6,0 Ether,0.00569124,
0x91fc5e676e875c54ea51aa8602e3f73f2affa63761e3447f47cbac539d349cb1,11277924,142 days 18 hrs ago,0xb1b7586656116d546033e3baff69bfcd6592225e,0x5f78d0668ba666b4ed9674b313419d9db6cd48a6,0 Ether,0.00569124,
0x37351c7dbc4dff1a837c583367d636cfb8389ae05e6b055b003de59a15da44f4,11267218,144 days 10 hrs ago,0xb1b7586656116d546033e3baff69bfcd6592225e,0x5f78d0668ba666b4ed9674b313419d9db6cd48a6,0 Ether,0.00251728,
0x0229a5cd337d8414d3d358ead590d6ce4bd068ac98dff67becad0ad6bab04184,11270030,143 days 23 hrs ago,0xb1b7586656116d546033e3baff69bfcd6592225e,0x5f78d0668ba666b4ed9674b313419d9db6cd48a6,0 Ether,0.0070046,
0xe5f783368981f00ccf6c2d5ed294a0e376360f0a061e9193c8d00af4ada7a7c2,11251880,146 days 18 hrs ago,0xb1b7586656116d546033e3baff69bfcd6592225e,0x5f78d0668ba666b4ed9674b313419d9db6cd48a6,0 Ether,0.00251728,
0xad0feba93a1427b5a89a5aa39834c4ee6e118d696bf7d34a38270881f2f62d85,11267218,144 days 10 hrs ago,0xb1b7586656116d546033e3baff69bfcd6592225e,0x5f78d0668ba666b4ed9674b313419d9db6cd48a6,0 Ether,0.00251728,
0xab29a53f602dae82a2324120e3249a0d88301c37eac1b60be26e5ddc45b1b2ad,11251876,146 days 18 hrs ago,0xb1b7586656116d546033e3baff69bfcd6592225e,0x5f78d0668ba666b4ed9674b313419d9db6cd48a6,0 Ether,0.00168098,
0xd89b1501f7904769788063e2d7be958414403cc60501a4f3da855c60654d3793,11251880,146 days 18 hrs ago,0xb1b7586656116d546033e3baff69bfcd6592225e,0x5f78d0668ba666b4ed9674b313419d9db6cd48a6,0 Ether,0.00251728,
0xf906fd0092e443bfec6752ee378e21163dc55a3f6af61c33fce10824ac561ca2,11251875,146 days 18 hrs ago,0xb1b7586656116d546033e3baff69bfcd6592225e,0x5f78d0668ba666b4ed9674b313419d9db6cd48a6,0 Ether,0.00252822,
0xff292c127fc53a07ba6dd0b5a5c639f061d809083745f28d31d3bb5b30d19b59,11251875,146 days 18 hrs ago,0xb1b7586656116d546033e3baff69bfcd6592225e,0x5f78d0668ba666b4ed9674b313419d9db6cd48a6,0 Ether,0.00252822,
0x0532bb56e80ff94bde89e5da917ee846f306b4a4ca100a9d662851731d5b926b,11251874,146 days 18 hrs ago,0xb1b7586656116d546033e3baff69bfcd6592225e,0x5f78d0668ba666b4ed9674b313419d9db6cd48a6,0 Ether,0.00252822,
0xe85e49e41c6e58d6d8941bcd11ce4b0b8e2bcbee0ade0777dff049141a9f61db,11251874,146 days 18 hrs ago,0xb1b7586656116d546033e3baff69bfcd6592225e,0x5f78d0668ba666b4ed9674b313419d9db6cd48a6,0 Ether,0.00252822,
0x52627862c65d479e804b7c6411462bff7279e0ee3460e99da34371263ef148ae,11251874,146 days 18 hrs ago,0xb1b7586656116d546033e3baff69bfcd6592225e,0x5f78d0668ba666b4ed9674b313419d9db6cd48a6,0 Ether,0.00252822,
0x0252724133ca4dcdb08bad52a9f7527475515773c6e60d9c047ad109f339c8fc,11251874,146 days 18 hrs ago,0xb1b7586656116d546033e3baff69bfcd6592225e,0x5f78d0668ba666b4ed9674b313419d9db6cd48a6,0 Ether,0.00252822,
0x8daacdf9c691a39c1c107374866cdb4b148a3bd81f1f53dba462996cddd85201,11251435,146 days 20 hrs ago,0xb1b7586656116d546033e3baff69bfcd6592225e,0x5f78d0668ba666b4ed9674b313419d9db6cd48a6,0 Ether,0.00218894,
0x0d5343bee1926c03e095683db3ee41586979817b468e05348149a89ca5ab4ddf,11251836,146 days 18 hrs ago,0xb1b7586656116d546033e3baff69bfcd6592225e,0x5f78d0668ba666b4ed9674b313419d9db6cd48a6,0 Ether,0.00252822,
0x8473226e1b149eb09a40db876a71ef3a07a50eebc6b330bae79d676f989cc14d,11250288,147 days 17 mins ago,0xb1b7586656116d546033e3baff69bfcd6592225e,0x5f78d0668ba666b4ed9674b313419d9db6cd48a6,0 Ether,0.00680018,
0x7f3a431fa41ff72de0085c62754c378b0246fb8501c211160f3c94d05c71c87a,11250300,147 days 15 mins ago,0xb1b7586656116d546033e3baff69bfcd6592225e,0x5f78d0668ba666b4ed9674b313419d9db6cd48a6,0 Ether,0.00788018,
0x0f99b839db6771fc5224a9867daa36fe2513a1d7faf2323ee1241e70e74dea7c,11233225,149 days 15 hrs ago,0xb1b7586656116d546033e3baff69bfcd6592225e,0x5f78d0668ba666b4ed9674b313419d9db6cd48a6,0 Ether,0.00437788,
0xf0dcaebec8330736a8c1aaae41f49e05313974ed33e8f56f5a6588d54cb37e9c,11250279,147 days 19 mins ago,0xb1b7586656116d546033e3baff69bfcd6592225e,0x5f78d0668ba666b4ed9674b313419d9db6cd48a6,0 Ether,0.02055715,
0x1eb8f1464bc31480f7e87e06fa3d8a2ea27cc8d1d3bb22ac6ab29f03620296f0,11180029,157 days 19 hrs ago,0xb1b7586656116d546033e3baff69bfcd6592225e,0x5f78d0668ba666b4ed9674b313419d9db6cd48a6,0 Ether,0.00383064,
0x120a046932b22f457c0915327e32f9869004444afa8cc28f78ab732309fbf3f8,11201144,154 days 13 hrs ago,0xb1b7586656116d546033e3baff69bfcd6592225e,0x5f78d0668ba666b4ed9674b313419d9db6cd48a6,0 Ether,0.00766129,
0xc39af42a4fc9cec980dc242aac4f44c3f44520f908a9ce57356d53f06759920d,11175496,158 days 11 hrs ago,0xb1b7586656116d546033e3baff69bfcd6592225e,0x5f78d0668ba666b4ed9674b313419d9db6cd48a6,0 Ether,0.00481566,
0x5817038c0dd998292281493a7bcd06609e114ee7812d3d22491f5c44a8055126,11180029,157 days 19 hrs ago,0xb1b7586656116d546033e3baff69bfcd6592225e,0x5f78d0668ba666b4ed9674b313419d9db6cd48a6,0 Ether,0.00383064,
0x768465a352ed8cd900539ec4dc299400dc96672fe6556572aba7c571bbad86b5,11159372,160 days 23 hrs ago,0xb1b7586656116d546033e3baff69bfcd6592225e,0x5f78d0668ba666b4ed9674b313419d9db6cd48a6,0 Ether,0.00339285,
0x5439e25a8288177f610cf816aa79edaa85aa379132575e80dc8fdaef0ecbadf0,11175488,158 days 11 hrs ago,0xb1b7586656116d546033e3baff69bfcd6592225e,0x5f78d0668ba666b4ed9674b313419d9db6cd48a6,0 Ether,0.00415566,
0x0dee8cd07b07e756949e3ca2721e9108b9bf51be32eb881a9fc32facb4f2085f,11096169,170 days 16 hrs ago,0xb1b7586656116d546033e3baff69bfcd6592225e,0x5f78d0668ba666b4ed9674b313419d9db6cd48a6,0 Ether,0.0042137,
0xfbb9c1c74f1d81af300032240892c9ed32c90251f8ae42a7713c900d4ec64015,11156046,161 days 11 hrs ago,0xb1b7586656116d546033e3baff69bfcd6592225e,0x5f78d0668ba666b4ed9674b313419d9db6cd48a6,0 Ether,0.06756313,
0x0546b7a10f6671dd3e33e8ae1d2f25f86e3491b4e8d0eb715f40084c065552c1,11061125,176 days 1 hr ago,0xb1b7586656116d546033e3baff69bfcd6592225e,0x5f78d0668ba666b4ed9674b313419d9db6cd48a6,0 Ether,0.00875576,
0x26c1007452831b1206a545828b446b542fc75c648107303d69ce99c2af3084d9,11069032,174 days 20 hrs ago,0xb1b7586656116d546033e3baff69bfcd6592225e,0x5f78d0668ba666b4ed9674b313419d9db6cd48a6,0 Ether,0.00875576,
0x98e05594f563e9fa43d3847fd68c2637db3be9af55e8b7505f811dce94e1da0d,11054629,177 days 43 mins ago,0xb1b7586656116d546033e3baff69bfcd6592225e,0x5f78d0668ba666b4ed9674b313419d9db6cd48a6,0 Ether,0.00875576,
0x14fecbb5533400ba577d015cffd23b8bcc8ec5ee5c87d51df5ebdd5ced158a5c,11057239,176 days 15 hrs ago,0xb1b7586656116d546033e3baff69bfcd6592225e,0x5f78d0668ba666b4ed9674b313419d9db6cd48a6,0 Ether,0.00277265,
0x4579a2e2d398d2800341eea759850337fb4abfdee6f5bf0a767ff4127ae11c35,11041638,179 days 33 mins ago,0xb1b7586656116d546033e3baff69bfcd6592225e,0x5f78d0668ba666b4ed9674b313419d9db6cd48a6,0 Ether,0.01203917,
0xecec8e1b8658e9396915975d606b6c0c39f2022c21747fbb1f6d51242a86dc07,11048663,177 days 22 hrs ago,0xb1b7586656116d546033e3baff69bfcd6592225e,0x5f78d0668ba666b4ed9674b313419d9db6cd48a6,0 Ether,0.00580069,
0xe1847bac0f351671204d505ccc805a9ba65e46087862378a4d0c36d04c206b3e,11041414,179 days 1 hr ago,0xb1b7586656116d546033e3baff69bfcd6592225e,0x5f78d0668ba666b4ed9674b313419d9db6cd48a6,0 Ether,0.01160138,
0x4b8b69023ff4caef14b5947e570841ce70a6f71fd01db55ea83bbb747c95b29a,11041453,179 days 1 hr ago,0xb1b7586656116d546033e3baff69bfcd6592225e,0x5f78d0668ba666b4ed9674b313419d9db6cd48a6,0 Ether,0.01160138,
0x700ad7a2fac62725ab83cdffcca3c58b16cffed650cb1e49bf4d348e5b71bc5b,10966346,190 days 18 hrs ago,0xb1b7586656116d546033e3baff69bfcd6592225e,0x5f78d0668ba666b4ed9674b313419d9db6cd48a6,0 Ether,0.00941141,
0xb0450833ef2184fec4461cb6ba6f20e4e45705c9983b9796c4272f6c32a3518e,11015819,183 days 26 mins ago,0xb1b7586656116d546033e3baff69bfcd6592225e,0x5f78d0668ba666b4ed9674b313419d9db6cd48a6,0 Ether,0.01236751,
,,,,,,2.73689541,TOTAL
